herkomst;eenvoudig0;eenvoudig1;eenvoudig2;eenvoudig3;eenvoudig4
De ene kant van de gewapende conflicten bestaat voornamelijk uit het Soedanese leger en de Janjaweed, een Soedanese militiegroep die voornamelijk is gerekruteerd uit de Afro-Arabische Abbala-stammen in de noordelijke regio Rizeigat in Soedan.;Aan de ene kant van de conflicten staan het Soedanese leger en de Janjaweed, een Soedanese militiegroep. Ze worden meestal gerekruteerd uit de Afro-Arabische Abbala-stammen.;De ene kant van de gewapende conflicten bestaat voornamelijk uit het Soedanese leger en de Janjaweed. De Janjaweed is een Soedanese militiegroep die voornamelijk is gerekruteerd uit de Afro-Arabische Abbala-stammen in de noordelijke regio Rizeigat in Soedan.;De ene kant van de gewapende conflicten zijn voornamelijk het Soedanese leger en de Janjaweed-militie.;De ene kant van de oorlog bestaat uit het Soedanese leger en de Janjaweed, een Soedanese militiegroep van de Afro-Arabische Abbala-stammen in de noordelijke regio Rizeigat in Soedan.;De ene kant van de oorlog bestaat voornamelijk uit het Soedanese leger en de Janjaweed. De Janjaweed is een Soedanese militiegroep die voornamelijk afkomstig is van de Afro-Arabische Abbala-stammen in de noordelijke regio Rizeigat in Soedan.
Jeddah is de belangrijkste toegangspoort tot Mekka, de heiligste stad van de islam, die valide moslims minstens één keer in hun leven moeten bezoeken.;Moslims zijn verplicht om één keer in hun leven Mekka te bezoeken.;Gezonde moslims zijn verplicht om Mekka, de heiligste stad van de islam, minstens één keer in hun leven te bezoeken.;Jeddah is de weg naar Mekka, de heiligste stad van de islam, die moslims die sterk genoeg zijn minstens één keer in hun leven moeten bezoeken.;Jeddah is de belangrijkste toegangspoort tot Mekka, de heiligste stad van de islam. Gezonde moslims zijn verplicht om Mekka minstens één keer in hun leven te bezoeken.;Jeddah is de toegangspoort tot Mekka, de heiligste stad van de islam, die moslims een keer in hun leven moeten bezoeken.
Men denkt dat de Grote Donkere Vlek een gat vertegenwoordigt in het methaanwolkendek van Neptunus.;"De donkere vlek op Ne;tune kan een gat in de methaanwolken zijn.";Het is waarschijnlijk dat de Grote Donkere Vlek van Neptunus een gat in het methaanwolkendek is.;De Grote Donkere Vlek is een gat in het methaanwolkendek van Neptunus.;Men denkt dat de Grote Donkere Vlek een gat is in het methaanwolkendek van Neptunus.;Men denkt dat de Grote Donkere Vlek een gat is in de methaanwolken van Neptunus.
Zijn volgende werk, zaterdag, volgt op een bijzonder veelbewogen dag in het leven van een succesvolle neurochirurg.;Aanstaande zaterdag is een presentatie van een succesvolle neurochirurg.;Een veelbewogen dag uit het leven van een neurochirurg wordt getoond in zijn volgende werk, Saturday.;Zijn volgende werkdag op zaterdag is na een drukke dag als groot neurochirurg.;Zijn volgende werk, Saturday, toont een bijzonder veelbewogen dag in het leven van een succesvolle neurochirurg.;Zaterdag volgt een veelbewogen dag in het leven van een neurochirurg.
De tarantula, het bedriegerpersonage, gesponnen een zwart koord en bevestigde het aan de bal, kroop snel weg naar het oosten en trok met al zijn kracht aan het koord.;De tarantula gesponnen een zwart koord en bevestigde het aan de bal. Het kroop snel weg naar het oosten en trok aan het koord.;De tarantula was het bedriegerkarakter. Het spon een zwart koord. Daarna bevestigde hij het koord aan de bal, kroop snel weg en trok met alle kracht aan de bal.;De tarantula die een bedrieger is, spon een zwart koord, bevestigde het aan de bal, kroop snel weg naar het oosten en trok met al zijn kracht aan het koord.;De bedrieger-tarantula spande een zwart koord, bevestigde het aan de bal en kroop snel weg naar het oosten, terwijl hij met al zijn kracht aan het koord trok.;De tarantula, die lastig is, gesponnen een zwart koord om zich met een bal te verbinden en trok deze met al zijn kracht naar het oosten.
Daar stierf hij zes weken later, op 13 januari 888.;Hij stierf daar zes weken later, op 13 januari 888.;Hij stierf daar zes weken later. De datum was 13 januari 888.;Hij stierf daar zes weken later, op 13 januari 1888.;Hij stierf zes weken later, op 13 januari 888.;Hij stierf daar zes weken later, op 13 januari 888.
Ze zijn cultureel verwant aan de kustbewoners van Papoea-Nieuw-Guinea.;Ze zijn cultureel vergelijkbaar met de kustbewoners van Papoea-Nieuw-Guinea.;Hun cultuur is vergelijkbaar met die van de kustgemeenschappen van Papoea-Nieuw-Guinea.;Ze hebben dezelfde cultuur als de kustbewoners van Papoea-Nieuw-Guinea.;Ze zijn vergelijkbaar met de kustbewoners van Papoea-Nieuw-Guinea.;Ze zijn vergelijkbaar met de Papoea-Nieuw-Guinea-mensen die aan de kust wonen.
Sinds 2000 ontvangt de ontvanger van de Kate Greenaway-medaille ook de Colin Mears Award ter waarde van £ 5000.;Sinds 2000 heeft de ontvanger van de Kate Greenaway-medaille ook de £ 5000 Colin Mears Award gewonnen.;Sinds 2000 ontvangt de winnaar van de Kate Greenaway Medal ook de Colin Mears Award. De waarde van de prijs is £ 5000.;Sinds 2000 ontvangt de persoon die de Kate Greenaway-medaille ontvangt ook de Colin Mears Award met een waarde van £ 5000.;Sinds 2000 ontvangt de winnaar van de Kate Greenaway-medaille ook de Colin Mears Award, ter waarde van £ 5000.;Sinds 2000 won de winnaar van de Kate Greenaway Medal de Colin Mears Award ter waarde van £5000.
De drummers worden gevolgd door dansers, die vaak de sogo spelen (een kleine trommel die bijna geen geluid maakt) en de neiging hebben om meer uitgebreide - zelfs acrobatische - choreografieën te hebben.;Daarna zijn de drummers dansers, die vaak de sogo spelen (een kleine trommel die bijna geen geluid maakt) en meestal een uitgebreidere — zelfs acrobatische — choreografie hebben.;Na de drummers zijn dansers met uitgebreide bewegingen. Ze bespelen vaak een kleine trommel genaamd de sogo.;Nadat de drummers dansers zijn. De dansers spelen vaak de sogo (een kleine, stille trom) en voeren meestal moeilijkere bewegingen uit.;Na de drummers volgen dansers, die vaak de sogo spelen (een kleine trommel die bijna geen geluid maakt). Ze hebben de neiging om meer uitgebreide - zelfs acrobatische - choreografieën te hebben.;De drummers worden gevolgd door dansers, die vaak de sogo spelen en een meer uitgebreide choreografie hebben.
Het ruimtevaartuig bestaat uit twee hoofdelementen: de NASA Cassini-orbiter, genoemd naar de Italiaans-Franse astronoom Giovanni Domenico Cassini, en de ESA Huygens-sonde, genoemd naar de Nederlandse astronoom, wiskundige en natuurkundige Christiaan Huygens.;De twee belangrijkste elementen van het ruimtevaartuig zijn de NASA Cassini-orbiter, genoemd naar de Italiaans-Franse astronoom Giovanni Domenico Cassini, en de ESA Huygens-sonde, genoemd naar de Nederlandse astronoom, wiskundige en natuurkundige Christiaan Huygens.;Het ruimtevaartuig bestaat uit twee delen: NASA's Cassini-orbiter, genoemd naar de Italiaans-Franse astronoom, en de ESA Huygens-sonde, genoemd naar de Nederlandse astronoom, wiskundige en natuurkundige.;Het ruimtevaartuig bestaat uit twee hoofdonderdelen: de NASA Cassini-orbiter en de ESA Huygens-sonde.;Het ruimtevaartuig bestaat uit twee hoofdelementen. De NASA Cassini-orbiter is vernoemd naar de Italiaans-Franse astronoom Giovanni Domenico Cassini. De ESA Huygens-sonde is vernoemd naar de Nederlandse astronoom, wiskundige en natuurkundige Christiaan Huygens.;Het ruimtevaartuig bestaat uit twee hoofdonderdelen: de NASA Cassini-orbiter, genoemd naar de astronoom Giovanni Domenico Cassini, en de ESA Huygens-sonde, genoemd naar de astronoom, wiskundige en natuurkundige Christiaan Huygens.
"Alessandro (""Sandro"") Mazzola (geboren op 8 november 1942) is een Italiaanse oud-voetballer.";"Alessandro ( ""Sandro"") Mazzola (geboren op 8 november 1942) is een Italiaanse oud-voetballer.";"Allesandro ""Sandro"" Mazzola is een Italiaanse oud-voetballer.";Alessandro Mazzola is een Italiaanse oud-voetballer.;"Alessandro (""Sandro"") Mazzola is een voormalige Italiaanse voetballer. Hij werd geboren op 8 november 1942.";Alessandro Mazzolo is een Italiaanse oud-voetballer.
Oorspronkelijk werd gedacht dat het puin dat door de botsing was opgeworpen, de kleinere kraters opvulde.;Men dacht oorspronkelijk dat de kleinere kraters gevuld waren met aanvaringspuin.;Oorspronkelijk werd gedacht dat puin van de botsing de kleinere kraters opvulde.;Aanvankelijk werd gedacht dat de inslag vuil en zand opwierp dat de kleinere kraters opvulde.;Men dacht dat het puin dat door de botsing was opgeworpen, de kleinere kraters opvulde.;Ooit werd gedacht dat het puin van de botsing de kleinere kraters vulde.
Graham ging van 1939 tot 1943 naar het Wheaton College, waar hij afstudeerde met een BA in antropologie.;Graham studeerde af met een BA in antropologie aan Wheaton College.;Graham was een student aan Wheaton College van 1939 tot 1943, en hij studeerde af met een vierjarige graad in antropologie.;Graham ging van 1939 tot 1943 naar Wheaton College en studeerde af met een BA in het bestuderen van menselijke samenlevingen.;Graham studeerde in 1943 af aan Wheaton College met een BA in antropologie.;Graham ging van 1939 tot 1943 naar school aan Wheaton College. Hij studeerde af en behaalde een BA in antropologie.
De BZÖ verschilt echter een beetje in vergelijking met de PVV, net als vóór een referendum over het Verdrag van Lissabon, maar tegen een terugtrekking uit de EU.;De BZO is echter niet hetzelfde als de PVV.;De BZÖ verschilt van de PVV omdat ze tegen een EU-uittreding is.;De BZO verschilt van de Partij voor de Vrijheid omdat zij wijzigingen in het Verdrag van Lissabon ondersteunt, maar niet voor de EU-Terugtrekking.;De BZÖ is voor een referendum over het Verdrag van Lissabon, maar tegen een terugtrekking uit de EU.;BZÖ is een beetje anders dan de PVV. BZÖ steunt een openbare stemming over het Verdrag van Lissabon. Het is ook tegen het verlaten van de EU.
Veel soorten waren tegen het einde van de negentiende eeuw verdwenen, met Europese vestiging.;Veel soorten waren verdwenen met de Europese vestiging.;Door Europese vestiging waren eind negentiende eeuw veel soorten verdwenen.;Tegen het einde van de negentiende eeuw waren veel soorten dieren verdwenen en kwamen er Europese gemeenschappen.;Veel soorten verdwenen tegen het einde van de negentiende eeuw, met Europese vestiging.;Europeanen vestigden zich op het land, waardoor tegen het einde van de 19e eeuw veel soorten verdwenen.
In 1987 werd Wexler opgenomen in de Rock and Roll Hall of Fame.;In 1987 werd Wexler opgenomen in de Rock and Roll Hall of Fame.;In 1987 werd Wexler opgenomen in de Rock and Roll Hall of Fame.;In 1987 werd Wexler opgenomen in de Rock and Roll Hall of Fame.;Wexler werd in 1987 opgenomen in de Rock and Roll Hall of Fame.;Wexler werd in 1987 toegevoegd aan de Rock and Roll Hall of Fame.
In zijn pure vorm komt dextromethorfan voor als een wit poeder.;Dextromethorphan verschijnt als een wit poeder in zijn natuurlijke vorm.;Pure dextromethorfan is een wit poeder.;In zijn natuurlijke vorm is dextromethorfan een wit poeder.;In zijn pure vorm ziet dextromethorfan eruit als een wit poeder.;In pure vorm is de chemische stof een wit poeder.
Toelating tot Tsinghua is uiterst competitief.;Het is erg moeilijk om toegelaten te worden tot Tsinghua.;Toegelaten worden tot Tsinghua is moeilijk. Er is veel concurrentie.;Het is echt moeilijk om in Tsinghua te komen.;Het is buitengewoon competitief om Tsinghua binnen te komen.;Tsinghua binnenkomen is echt moeilijk.
Tegenwoordig is NRC georganiseerd als een onafhankelijke, particuliere stichting.;NRC wordt gerund als een onafhankelijke, particuliere stichting.;NRC is een onafhankelijke, particuliere stichting.;De NRC is een onafhankelijke, particuliere stichting.;Tegenwoordig wordt NRC bestuurd als een onafhankelijk en besloten bedrijf.;Tegenwoordig is NRC een vrije groep en doet het dingen alleen.
Het ligt aan de kust van de Oostzee, waar het de stad Stralsund omsluit.;Het ligt aan de kust van de Oostzee en omsluit de stad Stralsund.;Het omsluit de stad Stalsund aan de kust van de Oostzee.;Het ligt aan de kust van de Oostzee, waar het de stad Stralsund omringt.;Het gebeurde aan de kust van de Oostzee, waar het de stad Stralsund omsingelde.;Het ligt aan de kust van de Oostzee rond Stralsund.
